,Title,Video ID,Channel,Published At,Views,Likes,smartphone Name
0,OnePlus NORD CE4  Unboxing & Quick Review || in Telugu ||,QBBHJfDpGVQ,Prasadtechintelugu,2024-04-06T14:32:08Z,318011,19154,OnePlus Nord CE 4 5G
1,"Tech News 1723 || OnePlus Nord CE4 Launch,Poco X6 Neo,Motorola Edge 50 Pro,Infinix Note 40.Etc..",6rry_NwFktY,Prasadtechintelugu,2024-03-11T15:00:04Z,206278,15495,OnePlus Nord CE 4 5G
2,Oneplus 12R 5G Review || in Telugu ||,mzHiV0BrAz8,Prasadtechintelugu,2024-02-05T14:08:43Z,362691,20568,OnePlus 12R
3,OnePlus 12R Genshin Impact Special Edition Unboxing || in Telugu ||,2Wh_WOhbVPc,Prasadtechintelugu,2024-03-19T14:10:01Z,207963,16336,OnePlus 12R
4,OnePlus Nord CE3 Lite 5G & OnePlus Nord Buds 2 Unboxing & initial impressions || in Telugu ||,_UoLDxUH9BU,Prasadtechintelugu,2023-04-04T13:45:03Z,1113281,33308,OnePlus Nord CE 3 Lite 5G
5,OnePlus Nord 3 5G Unboxing & Review || in Telugu ||,y75vat_Tgy4,Prasadtechintelugu,2023-07-05T14:00:43Z,685187,27324,OnePlus Nord CE 3 Lite 5G
6,OnePlus 12 Review In Telugu  || Prasadtechintelugu,7uQT1KR6n04,Prasadtechintelugu,2024-01-23T15:34:02Z,394010,21086,OnePlus 12
7,Xiaomi 14 VS OnePlus 12 || Which one is better ? || in Telugu,F49aLu9Nh4s,Prasadtechintelugu,2024-04-20T13:37:38Z,127384,9163,OnePlus 12
8,OnePlus Nord CE3 Review In Telugu || Prasadtechintelugu,2JJ14dHCrW0,Prasadtechintelugu,2023-08-12T13:30:02Z,752621,24102,OnePlus Nord CE 3 5G
9,OnePlus Nord 3 5G Unboxing & Review || in Telugu ||,y75vat_Tgy4,Prasadtechintelugu,2023-07-05T14:00:43Z,685187,27324,OnePlus Nord CE 3 5G
10,OnePlus 11R Unboxing & Quick Review ll in Telugu ll,wIq6SmskZME,Prasadtechintelugu,2023-02-26T06:00:17Z,1074246,46332,OnePlus 11R
11,Nothing Phone 2 vs OnePlus 11R  vs iQOO Neo 7Pro - Comparison In Telugu || Prasadtechintelugu,2equk8a5NZ8,Prasadtechintelugu,2023-08-08T14:07:25Z,596066,24111,OnePlus 11R
12,OnePlus Nord 3 5G Unboxing & Review || in Telugu ||,y75vat_Tgy4,Prasadtechintelugu,2023-07-05T14:00:43Z,685187,27324,OnePlus Nord 3 5G
13,OnePlus Nord CE3 Review In Telugu || Prasadtechintelugu,2JJ14dHCrW0,Prasadtechintelugu,2023-08-12T13:30:02Z,752621,24102,OnePlus Nord 3 5G
14,OnePlus NORD CE4  Unboxing & Quick Review || in Telugu ||,QBBHJfDpGVQ,Prasadtechintelugu,2024-04-06T14:32:08Z,318011,19154,OnePlus Nord CE 4 5G 256GB
15,"Tech News 1723 || OnePlus Nord CE4 Launch,Poco X6 Neo,Motorola Edge 50 Pro,Infinix Note 40.Etc..",6rry_NwFktY,Prasadtechintelugu,2024-03-11T15:00:04Z,206278,15495,OnePlus Nord CE 4 5G 256GB
16,Oneplus 12R 5G Review || in Telugu ||,mzHiV0BrAz8,Prasadtechintelugu,2024-02-05T14:08:43Z,362691,20568,OnePlus 12R 256GB
17,OnePlus 12 Review In Telugu  || Prasadtechintelugu,7uQT1KR6n04,Prasadtechintelugu,2024-01-23T15:34:02Z,394010,21086,OnePlus 12R 256GB
18,OnePlus 11 5G - Future Ready Phone ?,Kt3HA2Trpuw,Prasadtechintelugu,2023-02-14T14:24:12Z,398420,19631,OnePlus 11
19,ONEPLUS 11 Unboxing & Quick Review  || in Telugu ||,sRfRnj45awU,Prasadtechintelugu,2023-02-07T15:22:52Z,803148,36424,OnePlus 11
20,OnePlus Open Unboxing & initial impressions || in Telugu ||,KkK8f-5ginE,Prasadtechintelugu,2023-10-19T15:00:13Z,560378,23694,OnePlus Open
21,"""Pixel Stacked"" Technology Explained In Telugu - Ft. OnePlus Open || Prasadtechintelugu",uSF5ZoCnIhg,Prasadtechintelugu,2023-10-30T08:00:25Z,109681,9113,OnePlus Open
22,Best Oneplus Phone To Buy Under 30k || Oneplus Nord 2T 5G Review  in Telugu ||,WZZaDS182Cg,Prasadtechintelugu,2022-09-11T13:02:24Z,1442713,49084,OnePlus Nord 2T 5G
23,OnePlus Nord 2T Unboxing & initial Impressions || in Telugu ||,thUOusRfkrc,Prasadtechintelugu,2022-07-01T05:36:52Z,1049168,44709,OnePlus Nord 2T 5G
24,OnePlus Nord CE 2 Lite 5G Unboxing & initial impressions || in Telugu ||,e58_5gqQaj0,Prasadtechintelugu,2022-05-12T13:30:14Z,1027071,36193,OnePlus Nord CE 2 Lite 5G
25,OnePlus Nord CE3 Lite 5G & OnePlus Nord Buds 2 Unboxing & initial impressions || in Telugu ||,_UoLDxUH9BU,Prasadtechintelugu,2023-04-04T13:45:03Z,1113281,33308,OnePlus Nord CE 2 Lite 5G
26,OnePlus Nord CE3 Lite 5G & OnePlus Nord Buds 2 Unboxing & initial impressions || in Telugu ||,_UoLDxUH9BU,Prasadtechintelugu,2023-04-04T13:45:03Z,1113281,33308,OnePlus Nord CE 3 Lite 5G 256GB
27,OnePlus Nord 3 5G Unboxing & Review || in Telugu ||,y75vat_Tgy4,Prasadtechintelugu,2023-07-05T14:00:43Z,685187,27324,OnePlus Nord CE 3 Lite 5G 256GB
28,OnePlus Nord CE3 Review In Telugu || Prasadtechintelugu,2JJ14dHCrW0,Prasadtechintelugu,2023-08-12T13:30:02Z,752621,24102,OnePlus Nord CE 3 5G 256GB
29,OnePlus Nord 3 5G Unboxing & Review || in Telugu ||,y75vat_Tgy4,Prasadtechintelugu,2023-07-05T14:00:43Z,685187,27324,OnePlus Nord CE 3 5G 256GB
30,Oneplus 10Pro 5G  Unboxing & Quick Review || in Telugu ||,2h-1lGJ3RTQ,Prasadtechintelugu,2022-03-31T14:30:02Z,747377,31570,OnePlus 10 Pro
31,"Oneplus 10T 5G Review in Telugu || SD 8+Gen1 ,150W Charging, Battery Health Engine Etc..",BVSyDYJQqnE,Prasadtechintelugu,2022-08-27T14:03:03Z,672393,33035,OnePlus 10 Pro
32,Oneplus 10R Review ll in Telugu ll Compared with 9RT,Vf69V8N-lIQ,Prasadtechintelugu,2022-05-29T06:31:18Z,633672,25045,OnePlus 10R 5G
33,"Oneplus 10T 5G Review in Telugu || SD 8+Gen1 ,150W Charging, Battery Health Engine Etc..",BVSyDYJQqnE,Prasadtechintelugu,2022-08-27T14:03:03Z,672393,33035,OnePlus 10R 5G
34,Oneplus 9R Unboxing & initial impressions ll in Telugu ll,f55lViaWMnQ,Prasadtechintelugu,2021-04-08T07:30:06Z,685386,31912,OnePlus 9R
35,OnePlus 9R Real User Report || OnePlus 9R Review,XbTL14rBz1I,Tech Report Telugu,2021-10-15T08:27:07Z,45227,1748,OnePlus 9R
36,OnePlus 12 Review In Telugu  || Prasadtechintelugu,7uQT1KR6n04,Prasadtechintelugu,2024-01-23T15:34:02Z,394010,21086,OnePlus 12 512GB
37,Oneplus 12R 5G Review || in Telugu ||,mzHiV0BrAz8,Prasadtechintelugu,2024-02-05T14:08:43Z,362691,20568,OnePlus 12 512GB
38,OnePlus Nord CE2 Unboxing & Quick Review in Telugu || 2022 Oneplus Budget Smartphone ||,etBrxFLwjiI,Prasadtechintelugu,2022-02-17T13:50:17Z,1292768,47632,OnePlus Nord CE 2 5G
39,OnePlus Nord CE 2 Lite 5G Unboxing & initial impressions || in Telugu ||,e58_5gqQaj0,Prasadtechintelugu,2022-05-12T13:30:14Z,1027068,36193,OnePlus Nord CE 2 5G
40,Best Mobile Deals on Amazon Great Summer Sale  & Flipkart Big Saving days || in Telugu ||,-dmHJLXLR-k,Prasadtechintelugu,2024-05-02T11:25:12Z,478229,23012,realme Narzo 70 Pro
41,Realme Narzo 70 Pro vs iQOO Z9: Which One Wins?,l67Uw8H5nH4,Compare SmartPhones,2024-03-13T10:35:37Z,4234,46,realme Narzo 70 Pro
42,Realme 12 Pro + Unboxing & Quick Review || in Telugu ||,wFCLyGOMKo4,Prasadtechintelugu,2024-01-29T08:57:22Z,519381,27471,realme 12 Plus
43,Realme 12 Plus 5G: Unboxing and Review | Premium Watch Design | in Telugu,XMJemxPQUGU,Tech Logic in Telugu,2024-03-06T08:30:08Z,47523,2340,realme 12 Plus
44,"Realme 12x 5G: Entry-Level 5G Killer under 12,000 || Unboxing and Review || GIVEAWAY || in Telugu",ysNvseC3uYM,Tech Logic in Telugu,2024-04-02T06:30:16Z,36146,3219,realme 12x
45,Realme 12X 5G Mobile Unboxing ‚ö°India's First 45W 5G Phone Under 12K,rxL_RPPtc-U,Telugu TechTuts,2024-04-02T06:30:28Z,34288,1162,realme 12x
46,"Tech News 1742 || Apple Macbook M4, Realme P1 Series ,Instagram, Online Betting Game Girl Etc..",UxXiVlAM84Y,Prasadtechintelugu,2024-04-12T13:45:57Z,158892,14330,realme P1
47,Best Mobile Deals on Amazon Great Summer Sale  & Flipkart Big Saving days || in Telugu ||,-dmHJLXLR-k,Prasadtechintelugu,2024-05-02T11:25:12Z,478229,23012,realme P1
48,Realme 12 Pro + Unboxing & Quick Review || in Telugu ||,wFCLyGOMKo4,Prasadtechintelugu,2024-01-29T08:57:22Z,519381,27471,realme 12 Pro Plus
49,Best Mobile Deals on Amazon Great Summer Sale  & Flipkart Big Saving days || in Telugu ||,-dmHJLXLR-k,Prasadtechintelugu,2024-05-02T11:25:12Z,478229,23012,realme 12 Pro Plus
50,Realme 12 Pro + Unboxing & Quick Review || in Telugu ||,wFCLyGOMKo4,Prasadtechintelugu,2024-01-29T08:57:22Z,519381,27471,realme 12 Pro
51,Best Mobile Deals on Amazon Great Summer Sale  & Flipkart Big Saving days || in Telugu ||,-dmHJLXLR-k,Prasadtechintelugu,2024-05-02T11:25:12Z,478229,23012,realme 12 Pro
52,Moto G64 5G Unboxing & initial impressions || in Telugu ||,FjNm65-k-Ds,Prasadtechintelugu,2024-04-16T06:31:33Z,140018,8572,realme C65 5G
53,POCO C65 Unboxing & First Impressios In Telugu || Budget Smart Phone @7499 || Prasadtechintelugu,xQO0iQGoDJk,Prasadtechintelugu,2023-12-15T10:52:43Z,146069,9701,realme C65 5G
54,Realme Narzo 60 Pro Unboxing & First Impressions || in Telugu ||,7q_fiTnFe-4,Prasadtechintelugu,2023-07-06T08:33:04Z,380434,15704,realme Narzo 60 5G
55,"Technews 1578 || Titanic, Google Vs Apple, Jio 5G Phone, Realme Narzo 60 & 60 Pro, Nord Buds 2r Etc.",AVe6rHk8XcY,Prasadtechintelugu,2023-06-23T14:25:30Z,243859,17311,realme Narzo 60 5G
56,realme Narzo 60x 5G Unboxing & First Impression || in Telugu || Telugu Tech Tuts,OHOmsCb6Sp8,Telugu TechTuts,2023-09-08T08:24:17Z,75693,1829,realme Narzo 70x 5G
57,Best Mobile Deals on Amazon Great Summer Sale  & Flipkart Big Saving days || in Telugu ||,-dmHJLXLR-k,Prasadtechintelugu,2024-05-02T11:25:12Z,478229,23012,realme Narzo 70x 5G
58,Best Mobile Deals on Amazon Great Summer Sale  & Flipkart Big Saving days || in Telugu ||,-dmHJLXLR-k,Prasadtechintelugu,2024-05-02T11:25:12Z,478229,23012,realme P1 Pro 5G
59,"Tech News 1742 || Apple Macbook M4, Realme P1 Series ,Instagram, Online Betting Game Girl Etc..",UxXiVlAM84Y,Prasadtechintelugu,2024-04-12T13:45:57Z,158892,14330,realme P1 Pro 5G
60,iphone ‡∞≤‡∞æ‡∞Ç‡∞ü‡∞ø ‡∞´‡±ã‡∞®‡±ç  || #prasadtechintelugu || realme Narzo N53  in Telugu,JxRfHctZcVE,Prasadtechintelugu,2023-05-18T10:33:44Z,3315321,258871,realme C53
61,Realme C53 Under Budget 108MP Camera Phone || Unboxing in Telugu,uqz5LWpL6kI,Tech Logic in Telugu,2023-07-19T08:30:15Z,133469,3658,realme C53
62,realme Narzo 60x 5G Unboxing & First Impression || in Telugu || Telugu Tech Tuts,OHOmsCb6Sp8,Telugu TechTuts,2023-09-08T08:24:17Z,75693,1829,realme Narzo 60X 5G
63,10 ‡∞µ‡±á‡∞≤‡∞≤‡±ã  ‡∞è ‡∞Æ‡±ä‡∞¨‡±à‡∞≤‡±ç ‡∞ï‡±ä‡∞®‡∞æ‡∞≤‡∞ø ? Best  Mobiles Under 10k in Telugu || Prasadtechintelugu ||,nXaSH3SThQs,Prasadtechintelugu,2024-02-17T13:31:46Z,340456,15738,realme Narzo 60X 5G
64,Realme C67 5G Unboxing & Quick Review in Telugu,pfm89JhlsQ4,TechFacts in Telugu,2023-12-14T08:31:14Z,27817,1365,realme C67 5G
65,Realme C67 5G phone Reviews explain telugu | New realme C67 5g full review telugu,9PXsHH038VI,TechInformer,2023-12-15T12:30:10Z,1122,0,realme C67 5G
66,Realme 12 Pro + Unboxing & Quick Review || in Telugu ||,wFCLyGOMKo4,Prasadtechintelugu,2024-01-29T08:57:22Z,519381,27471,realme 12
67,Best Mobile Deals on Amazon Great Summer Sale  & Flipkart Big Saving days || in Telugu ||,-dmHJLXLR-k,Prasadtechintelugu,2024-05-02T11:25:12Z,478229,23012,realme 12
68,"Realme 11X & Realme 11 5G unboxing & initial Impressions, ‡∞∏‡∞∞‡∞ø‡∞ï‡±ä‡∞§‡±ç‡∞§ ‡∞¨‡∞°‡±ç‡∞ú‡±Ü‡∞ü‡±ç 5G ‡∞´‡±ã‡∞®‡±ç‡∞≤‡±Å || In Telugu ||",PGBcCFVKHhU,VaasuTechVlogs,2023-08-24T13:25:27Z,132893,4510,realme 11x 5G
69,Realme 11X Unboxing & Quick Review in Telugu üî•,6bd6FjEE9Xo,TechFacts in Telugu,2023-08-28T14:09:04Z,29494,1251,realme 11x 5G
70,Realme 11 Pro+ Unboxing & Review || In Telugu ||,Q-xdcSmywwc,Prasadtechintelugu,2023-06-08T08:33:36Z,1283698,48362,realme 11 Pro
71,Lava Agni 2 vs realme 11 Pro comparison review ll in Telugu ll,pDI-YwL2ovI,Prasadtechintelugu,2023-06-24T14:04:10Z,559980,21040,realme 11 Pro
72,Realme 11 Pro+ Unboxing & Review || In Telugu ||,Q-xdcSmywwc,Prasadtechintelugu,2023-06-08T08:33:36Z,1283698,48362,realme 11 Pro Plus
73,Lava Agni 2 vs realme 11 Pro comparison review ll in Telugu ll,pDI-YwL2ovI,Prasadtechintelugu,2023-06-24T14:04:10Z,559980,21040,realme 11 Pro Plus
74,Realme 11 Pro Plus & Realme 11 Pro Full review After 2 Weeks Of Usage || In Telugu ||,kPJOzzce7aQ,VaasuTechVlogs,2023-06-23T12:24:50Z,95700,3181,realme 11 Pro Plus
75,Realme 11 Pro Plus Water Test Without IP Rating #shorts #realme11proplus #watertest #tech #ytshorts,Tja7CpONol8,Techpro,2023-06-12T14:00:15Z,1717899,79405,realme 11 Pro Plus
76,World's Best Camera Phone.? - OPPO Find X6 Pro Unboxing || In Telugu ||,f5IbSwIEsc0,Prasadtechintelugu,2023-06-05T06:30:11Z,450006,19887,realme 11 Pro Plus
77,‡∞Ö‡∞®‡±ç‡∞®‡∞ø ‡∞´‡±Ä‡∞ö‡∞∞‡±ç‡∞∏‡±ç ‡∞â‡∞®‡±ç‡∞® ‡∞Ü‡∞≤‡±ç‡∞∞‡±å‡∞Ç‡∞°‡∞∞‡±ç ‡∞Æ‡±ä‡∞¨‡±à‡∞≤‡±ç üî•|| Realme 11 Pro Plus Mobile Unboxing || in Telugu,C3atCepJ8wY,Telugu TechTuts,2023-06-08T08:30:18Z,36028,1184,realme 11 Pro Plus
78,Realme 11 Pro Plus || The Game Changer,oQtCS3YnV-0,TechFacts in Telugu,2023-05-10T11:55:15Z,72743,3208,realme 11 Pro Plus
79,Best Mobile Deals on Amazon Great Summer Sale  & Flipkart Big Saving days || in Telugu ||,-dmHJLXLR-k,Prasadtechintelugu,2024-05-02T11:25:12Z,478229,23012,realme 11 Pro Plus
80,This is Future My Friend ü´° A Special Phone with interesting features ft Nubia Red Magic 9 Pro,vvQRp5_se-A,Prasadtechintelugu,2024-01-20T14:00:43Z,730985,26659,realme 11 Pro Plus
81,Realme 12 Pro + Unboxing & Quick Review || in Telugu ||,wFCLyGOMKo4,Prasadtechintelugu,2024-01-29T08:57:22Z,519381,27471,realme 11 Pro Plus
82,Realme 11 Pro Gaming & Heatiing Test | Dimensity 7050 vs Dimensity 920 | In Telugu,7avSr9TLgNg,Telugu Techno Spring,2023-06-14T05:31:39Z,13967,618,realme 11 Pro Plus
83,"infinix ZERO 30 5G Unboxing 50MP üì∏ Front Camera, 144Hz Curved Amoled,108MP OIS etc",rvccs7vV4ds,Prasadtechintelugu,2023-09-02T06:30:15Z,609285,34270,realme 11 Pro Plus
84,Realme 11 Pro Plus Review in Telugu,74l170ang00,ROHITHTECHUP,2023-06-04T12:30:03Z,4293,0,realme 11 Pro Plus
85,‡∞Ö‡∞Ç‡∞§ ‡∞¨‡∞æ‡∞ó‡±Å‡∞Ç‡∞¶‡∞ø ‡∞ï‡∞æ‡∞®‡±ÄüôÜüòêüò≠ | MY OPINIONüòé | REALME 11 PRO PLUS REVIEW IN TELUGU | WALL OF TECH,BpHTiUxuuKs,Walloftech,2023-06-12T07:33:21Z,28492,787,realme 11 Pro Plus
86,Redmi Note 13 Pro Plus üí• #redminote13pro #redminote13proplus5g #redmi #redminote135g#redminote13pro,Ev09W7c_IL4,SaNuPaLLu UNBOXING,2024-01-24T06:22:07Z,4117356,118800,realme 11 Pro Plus
87,Redmi Note 11 Pro Plus 5G Unboxing & initial impressions || in Telugu ||,7wvk5qS7o2Q,Prasadtechintelugu,2022-03-09T07:59:26Z,484009,17930,realme 11 Pro Plus
88,iQOO Z9 5G Unboxing & initial impressions in Telugu ||  Best Smartphone Under 20K ?,dPMyMJhASCQ,Prasadtechintelugu,2024-03-08T06:30:15Z,659952,28656,realme 11 Pro Plus
89,vivo V30 Series Unboxing & initial impressions || in Telugu || ft vivo v30 & vivo v30 pro,o9nwz2Cmw10,Prasadtechintelugu,2024-03-07T07:22:26Z,430207,21384,realme 11 Pro Plus
90,Nothing Phone 2 vs OnePlus 11R  vs iQOO Neo 7Pro - Comparison In Telugu || Prasadtechintelugu,2equk8a5NZ8,Prasadtechintelugu,2023-08-08T14:07:25Z,596066,24111,realme 11 Pro Plus
91,Slimmest & Lightest IP65 Rated 5G Smart Phone || OPPO F25 Pro 5G in Telugu || #prasadtechintelugu,LfRRXnjW0Cc,Prasadtechintelugu,2024-02-29T05:32:50Z,1146816,95595,realme 11 Pro Plus
92,iQOO Neo 9 Pro 5G Unboxing & initial impressions || in Telugu ||,6sTwe8zsIBY,Prasadtechintelugu,2024-02-22T07:30:01Z,421270,28661,realme 11 Pro Plus
93,Realme 11 Pro UNBOXING & Quick Review || Better than Pro+,o4D-Yyfyx4I,TechFacts in Telugu,2023-06-09T06:28:32Z,30227,1506,realme 11 Pro Plus
94,Realme 11 Pro Plus Review in Telugu | Don't Buy Realme 11 Pro Plus | Telugu,VApvToJe2bU,ROHITHTECHUP,2023-06-17T13:40:29Z,374,20,realme 11 Pro Plus
95,Infinix Note 30 5G Unboxing & initial impressions || in Telugu,JvbRWFBc8xs,Prasadtechintelugu,2023-06-21T06:30:11Z,747095,30109,realme 11 Pro Plus
96,IQOO Z7 Pro vs Realme 11 Pro Comparison #shorts #IQOOZ7Pro #Realme11Pro,sDeth4-Iybs,TechRJ,2023-10-07T13:27:57Z,561723,27522,realme 11 Pro Plus
97,"TechNews 1513 : iPhone 15 Pro Dark Red, E Bandage,Realme C55 Capsule, Paytm Lite etc",Tv0dYS_XC6E,Prasadtechintelugu,2023-02-24T15:31:39Z,234205,18104,realme C55
98,"Technews 1521 iQOO Z7, Realme C55, Pixel 5G Update, Twitter Blue, Oneplus Mobile Offers",rYR21RQDzig,Prasadtechintelugu,2023-03-21T15:14:20Z,268526,18676,realme C55
99,Realme 11 Pro+ Unboxing & Review || In Telugu ||,Q-xdcSmywwc,Prasadtechintelugu,2023-06-08T08:33:36Z,1283698,48362,realme 11
100,Lava Agni 2 vs realme 11 Pro comparison review ll in Telugu ll,pDI-YwL2ovI,Prasadtechintelugu,2023-06-24T14:04:10Z,559980,21040,realme 11
101,realme 10 Pro Plus Unboxing & Quick Review || in Telugu ||,bbOXu1iBgHI,Prasadtechintelugu,2022-12-08T08:30:05Z,1343070,52093,realme 10
102,"Technews 1499 || realme 10 Coca Cola, Corning Gorilla Victus 2, Oneplus PAD, instagram Etc..",sUJte1SEtbg,Prasadtechintelugu,2023-01-27T14:14:31Z,173601,16045,realme 10
103,Redmi Note 13 Pro+ Review In Telugu || Prasadtechintelugu,I54M_V_sAmI,Prasadtechintelugu,2024-01-15T06:57:21Z,429792,20843,Xiaomi Redmi Note 13 Pro
104,"Redmi Note 13, Note 13Pro & Note 13Pro+ Unboxing & First Impressions || In Telugu ||",5VRCB6HBqAI,Prasadtechintelugu,2024-01-05T10:26:27Z,625816,28498,Xiaomi Redmi Note 13 Pro
105,"Redmi Note 13, Note 13Pro & Note 13Pro+ Unboxing & First Impressions || In Telugu ||",5VRCB6HBqAI,Prasadtechintelugu,2024-01-05T10:26:27Z,625816,28498,Xiaomi Redmi Note 13
106,Redmi Note 13 Pro+ Review In Telugu || Prasadtechintelugu,I54M_V_sAmI,Prasadtechintelugu,2024-01-15T06:57:21Z,429792,20843,Xiaomi Redmi Note 13
107,Redmi 12 Unboxing & First Impression || In Telugu,zAgcztF1ba8,Prasadtechintelugu,2023-07-18T12:00:13Z,560431,20612,Xiaomi Redmi 12 5G
108,Redmi Note 12 Pro 5G Unboxing & Initial impressions || in Telugu ||,QBvIq14rAaU,Prasadtechintelugu,2023-01-09T05:46:03Z,569571,25105,Xiaomi Redmi 12 5G
109,Xiaomi 14 VS OnePlus 12 || Which one is better ? || in Telugu,F49aLu9Nh4s,Prasadtechintelugu,2024-04-20T13:37:38Z,127384,9163,Xiaomi 14 Ultra
110,"Tech News 1708 || iPhone 16 Pro, Xiaomi 14 series Launch,6G ,Samsung Rollable ,Paytm Etc..",CDzS4Lp6e4Y,Prasadtechintelugu,2024-02-19T15:00:18Z,193302,15588,Xiaomi 14 Ultra
111,Redmi Note 13 Pro+ Review In Telugu || Prasadtechintelugu,I54M_V_sAmI,Prasadtechintelugu,2024-01-15T06:57:21Z,429792,20843,Xiaomi Redmi Note 13 Pro Plus 5G
112,"Redmi Note 13, Note 13Pro & Note 13Pro+ Unboxing & First Impressions || In Telugu ||",5VRCB6HBqAI,Prasadtechintelugu,2024-01-05T10:26:27Z,625816,28498,Xiaomi Redmi Note 13 Pro Plus 5G
113,Xiaomi 14 VS OnePlus 12 || Which one is better ? || in Telugu,F49aLu9Nh4s,Prasadtechintelugu,2024-04-20T13:37:38Z,127384,9163,Xiaomi 14
114,"Technews 1753  ||  Best Deals on Mobiles, Xiaomi 14 SE, iPhone Alarm Problem,  High Temperature Etc.",4s4K1svt7oc,Prasadtechintelugu,2024-05-01T15:15:00Z,186899,12671,Xiaomi 14
115,"Redmi 13C 5G unboxing & initial impressionsüî•, ‡∞¨‡∞°‡±ç‡∞ú‡±Ü‡∞ü‡±ç 5G Phone 10 ‡∞µ‡±á‡∞≤‡∞≤‡±ã  ü§Ø|| In Telugu ||",ITi8p0AfWZo,VaasuTechVlogs,2023-12-04T12:53:08Z,172443,5365,Xiaomi Redmi 13C 5G
116,"Redmi Note 13, Note 13Pro & Note 13Pro+ Unboxing & First Impressions || In Telugu ||",5VRCB6HBqAI,Prasadtechintelugu,2024-01-05T10:26:27Z,625816,28498,Xiaomi Redmi 13C 5G
117,"Redmi 13C 5G unboxing & initial impressionsüî•, ‡∞¨‡∞°‡±ç‡∞ú‡±Ü‡∞ü‡±ç 5G Phone 10 ‡∞µ‡±á‡∞≤‡∞≤‡±ã  ü§Ø|| In Telugu ||",ITi8p0AfWZo,VaasuTechVlogs,2023-12-04T12:53:08Z,172443,5365,Xiaomi Redmi 13C
118,"Redmi Note 13, Note 13Pro & Note 13Pro+ Unboxing & First Impressions || In Telugu ||",5VRCB6HBqAI,Prasadtechintelugu,2024-01-05T10:26:27Z,625816,28498,Xiaomi Redmi 13C
119,Redmi Note 12 4G Unboxing & initial impressions ll in Telugu ll,Is6LZU47Yzs,Prasadtechintelugu,2023-04-03T06:42:25Z,336640,13515,Xiaomi Redmi Note 12
120,Redmi 12 Unboxing & First Impression || In Telugu,zAgcztF1ba8,Prasadtechintelugu,2023-07-18T12:00:13Z,560431,20612,Xiaomi Redmi Note 12
121,Redmi Note 12 4G Unboxing & initial impressions ll in Telugu ll,Is6LZU47Yzs,Prasadtechintelugu,2023-04-03T06:42:25Z,336640,13515,Xiaomi Redmi Note 12 4G
122,Redmi 12 Unboxing & First Impression || In Telugu,zAgcztF1ba8,Prasadtechintelugu,2023-07-18T12:00:13Z,560431,20612,Xiaomi Redmi Note 12 4G
123,Redmi Note 12 Pro 5G Unboxing & Initial impressions || in Telugu ||,QBvIq14rAaU,Prasadtechintelugu,2023-01-09T05:46:03Z,569571,25105,Xiaomi Redmi Note 12 Pro 5G
124,Redmi Note 12 Pro Plus 5G Unboxing & initial impressions  ||  in Telugu ||,lPB188Wk_oM,Prasadtechintelugu,2023-01-03T05:30:09Z,866921,61056,Xiaomi Redmi Note 12 Pro 5G
125,Redmi 12C Unboxing & Initial Impressions || in Telugu ||,56wbpgF79o8,Prasadtechintelugu,2023-03-31T08:47:10Z,172359,7577,Xiaomi Redmi 12C
126,Redmi 12 Unboxing & First Impression || In Telugu,zAgcztF1ba8,Prasadtechintelugu,2023-07-18T12:00:13Z,560431,20612,Xiaomi Redmi 12C
127,Redmi Note 12 Pro Plus 5G Unboxing & initial impressions  ||  in Telugu ||,lPB188Wk_oM,Prasadtechintelugu,2023-01-03T05:30:09Z,866921,61056,Xiaomi Redmi Note 12 Pro Plus 5G
128,Redmi Note 12 Pro 5G Unboxing & Initial impressions || in Telugu ||,QBvIq14rAaU,Prasadtechintelugu,2023-01-09T05:46:03Z,569571,25105,Xiaomi Redmi Note 12 Pro Plus 5G
129,Shocking Results : My Reallife Camera Experience with Xiaomi 13 Pro,nnS08pRiFUs,Prasadtechintelugu,2023-03-19T12:31:36Z,685022,28902,Xiaomi 13 Pro
130,Xiaomi 13 Pro 5G Unboxing & initial impressions ll in Telugu ll,DIAEHVTfvTQ,Prasadtechintelugu,2023-02-26T16:00:05Z,637874,30667,Xiaomi 13 Pro
131,Redmi 12 Unboxing & First Impression || In Telugu,zAgcztF1ba8,Prasadtechintelugu,2023-07-18T12:00:13Z,560431,20612,Xiaomi Redmi 12
132,Redmi Note 12 4G Unboxing & initial impressions ll in Telugu ll,Is6LZU47Yzs,Prasadtechintelugu,2023-04-03T06:42:25Z,336640,13515,Xiaomi Redmi 12
133,Redmi 12 Unboxing & First Impression || In Telugu,zAgcztF1ba8,Prasadtechintelugu,2023-07-18T12:00:13Z,560431,20612,Xiaomi Redmi 12 5G 8GB RAM
134,Redmi Note 12 Pro 5G Unboxing & Initial impressions || in Telugu ||,QBvIq14rAaU,Prasadtechintelugu,2023-01-09T05:46:03Z,569571,25105,Xiaomi Redmi 12 5G 8GB RAM
135,Redmi K50i 5G Review & Special Unboxing || in Telugu ||,3UU7kz8N2Nc,Prasadtechintelugu,2022-07-20T09:00:27Z,795086,55356,Xiaomi Redmi K50i
136,"Technews 1375 || Redmi K50i, vivo T1x, Samsung Z Fold 4, Ather 450x Gen 3, Oneplus 10T Etc...",ppruSIWCuv0,Prasadtechintelugu,2022-07-20T15:40:41Z,205879,34934,Xiaomi Redmi K50i
137,Redmi Note 11 Pro Plus 5G Unboxing & initial impressions || in Telugu ||,7wvk5qS7o2Q,Prasadtechintelugu,2022-03-09T07:59:26Z,484009,17930,Xiaomi Redmi Note 11 Pro
138,Redmi Note 11 Unboxing & Quick Review || in Telugu ||,ybeHX1G3JCA,Prasadtechintelugu,2022-02-10T06:29:52Z,386614,15507,Xiaomi Redmi Note 11 Pro
139,"Redmi Note 13, Note 13Pro & Note 13Pro+ Unboxing & First Impressions || In Telugu ||",5VRCB6HBqAI,Prasadtechintelugu,2024-01-05T10:26:27Z,625816,28498,Xiaomi Redmi Note 13 256GB
140,Redmi Note 13 Pro+ Review In Telugu || Prasadtechintelugu,I54M_V_sAmI,Prasadtechintelugu,2024-01-15T06:57:21Z,429792,20843,Xiaomi Redmi Note 13 256GB
141,MiA3 Review With Pros & Cons ll in Telugu ll,HwTjMUVjyoo,Prasadtechintelugu,2019-08-31T13:06:09Z,336247,12923,Xiaomi Redmi A3
142,Xiaomi MiA3 Unboxing & initial impressions ll in Telugu ll,EqcSr-LPrAg,Prasadtechintelugu,2019-08-22T10:29:38Z,368302,12135,Xiaomi Redmi A3
143,Samsung Galaxy M series M55 & M15 Unboxing & initial impressions || in Telugu ||,VfOGUQ3zSSk,Prasadtechintelugu,2024-04-08T11:25:40Z,199559,11581,Samsung Galaxy M55 5G
144,Samsung ‡∞®‡±Å‡∞Ç‡∞°‡∞ø ‡∞Æ‡∞Ç‡∞ö‡∞ø ‡∞´‡±ã‡∞®‡±ç‡∞∏‡±ç ‡∞∞‡∞æ‡∞¨‡±ã‡∞§‡±Å‡∞®‡±ç‡∞®‡∞æ‡∞Ø‡∞ø || #prasadtechintelugu #galaxy M55 #GalaxyM15,Jj0Ph3esnKQ,Prasadtechintelugu,2024-04-05T15:42:13Z,242293,24548,Samsung Galaxy M55 5G
145,Samsung Galaxy S24 Ultra Unboxing & initial impressions || GalaxyAI || in Telugu,qLC2Pt3StP0,Prasadtechintelugu,2024-01-22T11:55:09Z,755901,35480,Samsung Galaxy S24 Ultra
146,"Samsung S24 Series - Galaxy AI Hands on in Telugu ft.Samsung Galaxy S24 Ultra,Galaxy S24,GalaxyS24+",R8OB4Cg0PuA,Prasadtechintelugu,2024-01-18T09:15:02Z,329174,20466,Samsung Galaxy S24 Ultra
147,Samsung Galaxy A55 & A35 Unboxing & initial impressions || in Telugu ||,DDPwjcLoBzo,Prasadtechintelugu,2024-03-13T13:27:33Z,339793,17989,Samsung Galaxy A55 5G
148,Samsung A55 Vs OnePlus 12R | Full Comparison ‚ö° Which one is Best?,PkHOahswxEs,Gadgets Compare,2024-03-13T15:45:02Z,21031,214,Samsung Galaxy A55 5G
149,Samsung Galaxy A55 & A35 Unboxing & initial impressions || in Telugu ||,DDPwjcLoBzo,Prasadtechintelugu,2024-03-13T13:27:33Z,339793,17989,Samsung Galaxy A35 5G
150,Why Samsung A Series Phones are Best Selling Android Smartphones in the World | Prasadtechintelugu |,IgXvsiSFAqE,Prasadtechintelugu,2024-02-21T07:25:38Z,272635,13333,Samsung Galaxy A35 5G
151,Samsung Galaxy  F15 5G Unboxing & initial impressions || in Telugu ||,QqG1gPSIsqA,Prasadtechintelugu,2024-03-04T07:30:06Z,300432,16366,Samsung Galaxy F15
152,12 ‡∞µ‡±á‡∞≤‡∞ï‡±á  ‡∞Ö‡∞¶‡∞ø‡∞∞‡∞ø‡∞™‡±ã‡∞Ø‡±á ‡∞´‡±ã‡∞®‡±ç || ft. Samsung Galaxy F15 5G || #prasadtechintelugu,voNxWTrQBtM,Prasadtechintelugu,2024-03-01T13:26:24Z,898795,83251,Samsung Galaxy F15
153,Special Samsung F54 5G Unboxing & initial Impressions ll in Telugu ll,Tt7p8MUiqmE,Prasadtechintelugu,2023-06-06T09:40:05Z,526258,20534,Samsung Galaxy F54 5G
154,‡∞®‡∞ï‡±ç‡∞∑‡∞§‡±ç‡∞∞‡∞æ‡∞≤‡∞®‡∞ø ‡∞ï‡±Ü‡∞Æ‡±Ü‡∞∞‡∞æ‡∞≤‡±ã ‡∞¨‡∞Ç‡∞¶‡∞ø‡∞Ç‡∞ö‡∞Ç‡∞°‡∞ø .. | Samsung F54 5G #prasadtechintelugu #prasadtechshorts,HFfyF0jYqA4,Prasadtechintelugu,2023-06-04T07:24:04Z,1293516,117405,Samsung Galaxy F54 5G
155,Samsung M34 5G Unboxing & initial Impressions ll in Telugu ll,2-vGG_lNlT8,Prasadtechintelugu,2023-07-07T09:30:00Z,542032,19983,Samsung Galaxy M34
156,20 ‡∞µ‡±á‡∞≤‡∞≤‡±ã ‡∞Æ‡∞Ç‡∞ö‡∞ø ‡∞´‡±ã‡∞®‡±ç || Samsung Galaxy M34 5G || #prasadtechintelugu,c6m01h8vDXI,Prasadtechintelugu,2023-06-30T15:48:05Z,777386,84644,Samsung Galaxy M34
157,Samsung Galaxy S24 & S24+ Unboxing And First Impressions || Exynos 2400 || Prasadtechintelugu,1KQLyfBz4YY,Prasadtechintelugu,2024-01-25T11:21:39Z,273473,12638,Samsung Galaxy S24 5G
158,"Samsung S24 Series - Galaxy AI Hands on in Telugu ft.Samsung Galaxy S24 Ultra,Galaxy S24,GalaxyS24+",R8OB4Cg0PuA,Prasadtechintelugu,2024-01-18T09:15:02Z,329174,20466,Samsung Galaxy S24 5G
159,Samsung Galaxy A15 5G & A25 5G Unboxing & Initial Impressions || in Telugu ||,glN7kZ4a_yI,Prasadtechintelugu,2024-01-06T14:06:26Z,236094,10530,Samsung Galaxy A15 5G
160,Samsung Galaxy  F15 5G Unboxing & initial impressions || in Telugu ||,QqG1gPSIsqA,Prasadtechintelugu,2024-03-04T07:30:06Z,300432,16366,Samsung Galaxy A15 5G
161,Samsung Galaxy S23 FE 5G Unboxing & First Impressions || In Telugu,iy2lSt6DqgE,Prasadtechintelugu,2023-10-07T15:30:09Z,394254,16169,Samsung Galaxy S23 FE
162,Galaxy AI Features Testing On Samsung S23 Series || Ft. Samsung Galaxy S23 FE ||,SrxBFBOP8Lg,Prasadtechintelugu,2024-04-24T13:54:55Z,113268,7002,Samsung Galaxy S23 FE
163,Samsung Galaxy S23 FE 5G Unboxing & First Impressions || In Telugu,iy2lSt6DqgE,Prasadtechintelugu,2023-10-07T15:30:09Z,394254,16169,Samsung Galaxy S23 5G
164,Samsung Galaxy S23 Unboxing & initial impressions || in Telugu ||,MiSwenvC-XE,Prasadtechintelugu,2023-02-15T13:30:37Z,422717,16613,Samsung Galaxy S23 5G
165,Samsung Galaxy S22 Unboxing & initial impressions || in Telugu ||,IPmRMqun3JE,Prasadtechintelugu,2022-03-07T06:31:19Z,372791,14620,Samsung Galaxy S22
166,Samsung Galaxy S22 Ultra  In-Depth Review in Telugu || Best Flagship Phone ||,mZ47kv1I8SA,Prasadtechintelugu,2022-03-12T10:32:06Z,592427,20777,Samsung Galaxy S22
167,Samsung A14 5G Unboxing & initial impressions || in Telugu ||,fWGAwms9fZY,Prasadtechintelugu,2023-01-21T05:30:18Z,506978,19972,Samsung Galaxy A14 5G
168,Why Samsung A Series Phones are Best Selling Android Smartphones in the World | Prasadtechintelugu |,IgXvsiSFAqE,Prasadtechintelugu,2024-02-21T07:25:38Z,272635,13333,Samsung Galaxy A14 5G
169,Samsung Galaxy S21FE 5G Snapdragon 888 Unboxing & First Impressions || In Telugu,dartHOvHmw4,Prasadtechintelugu,2023-07-21T06:39:50Z,454005,18407,Samsung Galaxy S21 FE
170,Samsung Galaxy S21FE 5G Unboxing & initial impressions || in Telugu ||,Xo7jB-ksz2A,Prasadtechintelugu,2022-01-10T09:30:05Z,700770,25058,Samsung Galaxy S21 FE
171,Samsung Galaxy S23 Ultra Unboxing & initial impressions || in Telugu ||,ywjXCmMwaoc,Prasadtechintelugu,2023-02-09T11:38:07Z,936132,32549,Samsung Galaxy S23 Ultra 5G
172,Samsung Galaxy S23 FE 5G Unboxing & First Impressions || In Telugu,iy2lSt6DqgE,Prasadtechintelugu,2023-10-07T15:30:09Z,394254,16169,Samsung Galaxy S23 Ultra 5G
173,Samsung Galaxy S24 & S24+ Unboxing And First Impressions || Exynos 2400 || Prasadtechintelugu,1KQLyfBz4YY,Prasadtechintelugu,2024-01-25T11:21:39Z,273473,12638,Samsung Galaxy S24 Plus 5G
174,"Samsung S24 Series - Galaxy AI Hands on in Telugu ft.Samsung Galaxy S24 Ultra,Galaxy S24,GalaxyS24+",R8OB4Cg0PuA,Prasadtechintelugu,2024-01-18T09:15:02Z,329174,20466,Samsung Galaxy S24 Plus 5G
175,Samsung Galaxy A54 5G Unboxing & initial impressions : IP67 Rating & OIS Camera,pESC8t6ygTQ,Prasadtechintelugu,2023-03-22T13:36:22Z,349917,13852,Samsung Galaxy A54 5G
176,iP67 ‡∞´‡±ã‡∞®‡±ç 30 ‡∞®‡∞ø‡∞Æ‡∞ø‡∞∑‡∞æ‡∞≤‡±Å ‡∞®‡±Ä‡∞≥‡±ç‡∞≥‡∞≤‡±ç‡∞≤‡±ã ‡∞™‡±Ü‡∞°‡∞ø‡∞§‡±á.? || A Day with Samsung Galaxy A54 || In Telugu ||,hR6B_TGXUE0,Prasadtechintelugu,2023-09-29T14:30:14Z,522900,21746,Samsung Galaxy A54 5G
177,Samsung Galaxy S24 Ultra Unboxing & initial impressions || GalaxyAI || in Telugu,qLC2Pt3StP0,Prasadtechintelugu,2024-01-22T11:55:09Z,755901,35480,Samsung Galaxy S24 Ultra 512GB
178,"Samsung S24 Series - Galaxy AI Hands on in Telugu ft.Samsung Galaxy S24 Ultra,Galaxy S24,GalaxyS24+",R8OB4Cg0PuA,Prasadtechintelugu,2024-01-18T09:15:02Z,329174,20466,Samsung Galaxy S24 Ultra 512GB
179,Samsung Galaxy F14 Unboxing & First impressions : Under 15K,tmHw12RtK8U,Prasadtechintelugu,2023-03-23T12:30:07Z,232900,8858,Samsung Galaxy M14
180,Samsung Galaxy M series M55 & M15 Unboxing & initial impressions || in Telugu ||,VfOGUQ3zSSk,Prasadtechintelugu,2024-04-08T11:25:40Z,199559,11581,Samsung Galaxy M14
181,Samsung Galaxy S21FE 5G Snapdragon 888 Unboxing & First Impressions || In Telugu,dartHOvHmw4,Prasadtechintelugu,2023-07-21T06:39:50Z,454005,18407,Samsung Galaxy S21 FE 2023
182,Samsung Galaxy S23 FE 5G Unboxing & First Impressions || In Telugu,iy2lSt6DqgE,Prasadtechintelugu,2023-10-07T15:30:09Z,394254,16169,Samsung Galaxy S21 FE 2023
183,vivo V30 Series Unboxing & initial impressions || in Telugu || ft vivo v30 & vivo v30 pro,o9nwz2Cmw10,Prasadtechintelugu,2024-03-07T07:22:26Z,430207,21384,vivo V30
184,"Tech News 1705 || Google Pixel 8A, Vivo V30 Series, Samsung F15, Nothing Phone 2a Etc",JFRe9ztx0S8,Prasadtechintelugu,2024-02-14T15:48:27Z,148715,13484,vivo V30
185,"Tech News 1724 || Infinix Note 40 Series, Vivo T3, Samsung Next Gen watches, Apple Vision Pro Etc..",h-tJeYY8irA,Prasadtechintelugu,2024-03-12T14:51:28Z,168658,13940,vivo T3
186,Best vivo Phone under ‚Çπ20000 ( 2024 )  || vivo T3 in Telugu |,WU56M6I5LcI,Prasadtechintelugu,2024-03-21T06:32:11Z,602299,52085,vivo T3
187,vivo V30 Series Unboxing & initial impressions || in Telugu || ft vivo v30 & vivo v30 pro,o9nwz2Cmw10,Prasadtechintelugu,2024-03-07T07:22:26Z,430207,21384,vivo T3x
188,VIVO T3X 5g vs Realme P1 5G  in Depth Comparison  ||  Which mobile is better under 15000?,XD_aJYBUkFE,Tech Logic in Telugu,2024-04-21T09:16:26Z,40296,1683,vivo T3x
189,"vivo V29 Series Unboxing & initial impressions in Telugu || ft. vivo V29, vivo V29 Pro",CoYI52Eq4y0,Prasadtechintelugu,2023-10-04T07:00:12Z,785139,23476,vivo V29
190,vivo V30 Series Unboxing & initial impressions || in Telugu || ft vivo v30 & vivo v30 pro,o9nwz2Cmw10,Prasadtechintelugu,2024-03-07T07:22:26Z,430207,21384,vivo V29
191,"vivo V29 Series Unboxing & initial impressions in Telugu || ft. vivo V29, vivo V29 Pro",CoYI52Eq4y0,Prasadtechintelugu,2023-10-04T07:00:12Z,785139,23476,vivo V29e
192,"Tech News 1605 || Vivo V29e, Lenovo , Flood Watch App, Realme 11 & 11X, USA Deported Students Etc",iqIjzC2Hsi4,Prasadtechintelugu,2023-08-18T15:08:55Z,226536,17052,vivo V29e
193,vivo V30 Series Unboxing & initial impressions || in Telugu || ft vivo v30 & vivo v30 pro,o9nwz2Cmw10,Prasadtechintelugu,2024-03-07T07:22:26Z,430207,21384,vivo V30 Pro
194,"Tech News 1704 || Vivo V30 Pro, Vision Pro, Nokia, Starship, Dating App Scams, Toll collection Etc.",Sp0r-fBiZEs,Prasadtechintelugu,2024-02-13T14:45:01Z,167519,14523,vivo V30 Pro
195,vivo T2 Pro 5G Unboxing & First Impressions || In Telugu,ZfJO0B-o3Y4,Prasadtechintelugu,2023-09-22T06:51:52Z,656515,24078,vivo T2 Pro
196,vivo T2 5G Unboxing & initial Impressions ll in Telugu ll,f8c0SvACQ00,Prasadtechintelugu,2023-04-11T06:32:02Z,523699,16588,vivo T2 Pro
197,vivo ‡∞¨‡∞°‡±ç‡∞ú‡±Ü‡∞ü‡±ç 5G ‡∞´‡±ã‡∞®‡±ç || vivo T2X || #prasadtechintelugu,TQsz3D9nUNU,Prasadtechintelugu,2023-05-07T10:30:07Z,582781,55736,vivo T2x
198,vivo T2 5G Unboxing & initial Impressions ll in Telugu ll,f8c0SvACQ00,Prasadtechintelugu,2023-04-11T06:32:02Z,523699,16588,vivo T2x
199,vivo T2 5G Unboxing & initial Impressions ll in Telugu ll,f8c0SvACQ00,Prasadtechintelugu,2023-04-11T06:32:02Z,523699,16588,vivo T2
200,vivo T2 Pro 5G Unboxing & First Impressions || In Telugu,ZfJO0B-o3Y4,Prasadtechintelugu,2023-09-22T06:51:52Z,656515,24078,vivo T2
201,vivo Y200 5G Unboxing & First Look || #prasadtechintelugu #prasadtechshorts  #vivoY200,SWaEt3tthfw,Prasadtechintelugu,2023-10-23T05:30:07Z,851320,70480,vivo Y200 5G
202,VIVO Y200 5G Unboxing & First Impressions || In Telugu | TeluguTechSupport #vivo #vivoy200,cvu96BvieJI,TeluguTechSupport,2023-10-26T02:30:29Z,54117,995,vivo Y200 5G
203,vivo Y200 5G Unboxing & First Look || #prasadtechintelugu #prasadtechshorts  #vivoY200,SWaEt3tthfw,Prasadtechintelugu,2023-10-23T05:30:07Z,851320,70480,vivo Y200e 5G
204,VIVO Y200 5G Unboxing & First Impressions || In Telugu | TeluguTechSupport #vivo #vivoy200,cvu96BvieJI,TeluguTechSupport,2023-10-26T02:30:29Z,54117,995,vivo Y200e 5G
205,"vivo V29 Series Unboxing & initial impressions in Telugu || ft. vivo V29, vivo V29 Pro",CoYI52Eq4y0,Prasadtechintelugu,2023-10-04T07:00:12Z,785139,23476,vivo Y28 5G
206,Vivo Y28 5G Review After 20 Days || Vivo Y28 5G Major Problems,KO4F2hPefyA,Suman Techno,2024-01-30T11:33:12Z,98775,1238,vivo Y28 5G
207,"vivo V29 Series Unboxing & initial impressions in Telugu || ft. vivo V29, vivo V29 Pro",CoYI52Eq4y0,Prasadtechintelugu,2023-10-04T07:00:12Z,785139,23476,vivo V29 Pro
208,vivo V30 Series Unboxing & initial impressions || in Telugu || ft vivo v30 & vivo v30 pro,o9nwz2Cmw10,Prasadtechintelugu,2024-03-07T07:22:26Z,430207,21384,vivo V29 Pro
209,vivo X100 & X100Pro Unboxing & First Impressions || In Telugu - Prasadtechintelugu,qNtESO9kC18,Prasadtechintelugu,2024-01-04T07:00:30Z,284918,18241,vivo X100 Pro 5G
210,"Tech News 1678 || vivo X100 Series Launch, OnePlus 12R, POCO X6,Xiaomi Ev, Android Malwares. Etc..",i3u5WUXuZuk,Prasadtechintelugu,2023-12-26T14:30:11Z,143097,12232,vivo X100 Pro 5G
211,vivo V27 & vivo TWS Air unboxing & initial impressions : A Good Camera Phone @30k,bxicMhJrdVo,Prasadtechintelugu,2023-03-21T07:02:23Z,721390,23495,vivo V27
212,vivo V27 Pro Unboxing & intial impressions ll in Telugu ll,Tr9JgixHP0Q,Prasadtechintelugu,2023-03-01T07:00:08Z,918175,33984,vivo V27
213,"vivo V29 Series Unboxing & initial impressions in Telugu || ft. vivo V29, vivo V29 Pro",CoYI52Eq4y0,Prasadtechintelugu,2023-10-04T07:00:12Z,785139,23476,vivo V27
214,vivo V30 Series Unboxing & initial impressions || in Telugu || ft vivo v30 & vivo v30 pro,o9nwz2Cmw10,Prasadtechintelugu,2024-03-07T07:22:26Z,430207,21384,vivo V27
215,Poco F5 VS Vivo V27 5G #comparison #review #poco #vivo,-S0GeRyshHM,Tekno Punch,2023-07-20T02:34:28Z,1215,34,vivo V27
216,iQOO z7 5G vs Vivo v27 5G | VIVO V27 5G vs iQOO Z7 5G Full Spec Compariron,fTjeEbaOzU0,Phone corner,2023-05-12T14:29:22Z,1550,12,vivo V27
217,"Best Mobiles Under ‚Çπ25,000 ll in Telugu ll By Prasadtechintelugu",JO61L_I0eRo,Prasadtechintelugu,2023-09-12T07:30:03Z,981149,33248,vivo V27
218,Vivo V27 Unboxing & Initial Impressions | Best Camera Phone Under 30K | In Telugu,SdvUN2IN28k,Telugu Techno Spring,2023-03-22T08:34:18Z,20190,874,vivo V27
219,vivo T2 Pro 5G Unboxing & First Impressions || In Telugu,ZfJO0B-o3Y4,Prasadtechintelugu,2023-09-22T06:51:52Z,656515,24078,vivo V27
220,Best Mobiles Under 30K || In Telugu,n1wXc2geVm4,Prasadtechintelugu,2023-04-18T11:30:14Z,1431206,39667,vivo V27
221,vivo X100 & X100Pro Unboxing & First Impressions || In Telugu - Prasadtechintelugu,qNtESO9kC18,Prasadtechintelugu,2024-01-04T07:00:30Z,284918,18241,vivo V27
222,Samsung Galaxy A55 & A35 Unboxing & initial impressions || in Telugu ||,DDPwjcLoBzo,Prasadtechintelugu,2024-03-13T13:27:33Z,339793,17989,vivo V27
223,My experience at the vivo Service Center  || Prasadtechintelugu ||,jsuj2xyCrFA,Prasadtechintelugu,2023-02-17T13:00:29Z,245103,14755,vivo V27
224,vivo v27 pro review #shorts #trendingshorts #smartphone,JSxs6BEfIBU,Affiliate Marketer,2023-05-23T10:31:53Z,4,0,vivo V27
225,"infinix ZERO 30 5G Unboxing 50MP üì∏ Front Camera, 144Hz Curved Amoled,108MP OIS etc",rvccs7vV4ds,Prasadtechintelugu,2023-09-02T06:30:15Z,609285,34270,vivo V27
226,Samsung Galaxy A15 5G & A25 5G Unboxing & Initial Impressions || in Telugu ||,glN7kZ4a_yI,Prasadtechintelugu,2024-01-06T14:06:26Z,236094,10530,vivo V27
227,vivo V27 unboxing and genuine review in telugu üî•üî•üî•| @sudheerurstruly,rmBfEPhdvHQ,Sudheer Urs Truly,2023-03-28T02:32:11Z,1929,148,vivo V27
228,iQOO Z7 Pro 5G Unboxing & First Impressions In Telugu - Complete Phone Under 25K -Prasadtechintelugu,qSpLpG4Yz-4,Prasadtechintelugu,2023-08-31T07:06:25Z,1166597,42507,vivo V27
229,IQOO Z7 Pro vs Vivo V27 // omg üò≤ Konsa Value For Money ??,gzb9G1b-gK0,Madan Gaikwad,2023-09-18T05:33:57Z,68210,1870,vivo V27
230,OPPO Reno 8T 5G & OPPO ENCO Air 3  Unboxing & Initial Impressions || in Telugu ||,GUtCknAEV_4,Prasadtechintelugu,2023-02-11T13:58:32Z,730438,22925,vivo V27
231,vivo V27 Pro üòç | Review in Telugu üòç | Reasons To Buy Vivo V27 Pro | #shorts #youtubeshorts #telugu,DhuB_Wh3kXU,ROHITHTECHUP,2023-03-15T12:32:16Z,2932,0,vivo V27
232,Nothing Phone 2 vs OnePlus 11R  vs iQOO Neo 7Pro - Comparison In Telugu || Prasadtechintelugu,2equk8a5NZ8,Prasadtechintelugu,2023-08-08T14:07:25Z,596066,24111,vivo V27
233,‡∞Ö‡∞®‡±ç‡∞® ‡∞è‡∞Ç‡∞ü‡±ã ‡∞µ‡∞ö‡±ç‡∞ö‡∞ø‡∞Ç‡∞¶‡∞ø || vivo v25 Pro Magic || #prasadtechshorts #prasadtechintelugu #YTshorts,3IzXOxRxrYc,Prasadtechintelugu,2022-08-14T12:25:36Z,6456549,523401,vivo V27
234,Type C Wired Earphones Under ‚Çπ500 - In Telugu || Prasadtechintelugu,zY4NquCnGV4,Prasadtechintelugu,2023-11-25T14:00:50Z,221460,12339,vivo V27
235,Vivo v29 vs vivo v27 full comparison in Telugu | vivo v29 vs vivo v27 in Telugu,CWD5_c-zJuY,ROHITHTECHUP,2023-10-12T12:54:36Z,4757,165,vivo V27
236,vivo X100 & X100Pro Unboxing & First Impressions || In Telugu - Prasadtechintelugu,qNtESO9kC18,Prasadtechintelugu,2024-01-04T07:00:30Z,284918,18241,vivo X100
237,"Tech News 1671 || Vivo X100 Series, ASUS ROG 8, Windows 12,iQOO Neo 9 Series, Google Trends, AI.Etc.",5-snVoL-_Ts,Prasadtechintelugu,2023-12-11T14:11:42Z,159433,14536,vivo X100
238,vivo ‡∞¨‡∞°‡±ç‡∞ú‡±Ü‡∞ü‡±ç 5G ‡∞´‡±ã‡∞®‡±ç || vivo T2X || #prasadtechintelugu,TQsz3D9nUNU,Prasadtechintelugu,2023-05-07T10:30:07Z,582781,55736,vivo T2x 6GB RAM
239,vivo T2 5G Unboxing & initial Impressions ll in Telugu ll,f8c0SvACQ00,Prasadtechintelugu,2023-04-11T06:32:02Z,523699,16588,vivo T2x 6GB RAM
240,Vivoy36 mobile unboxing review telugu #vivo #vivoy36 #unboxing #vivounboxing #prasadtechintelugu,59VOU1Q9yXE,TechInformer,2023-07-26T14:13:53Z,1313,0,vivo Y36
241,Vivo Y36 Quick Unboxing and Best Review || In Telugu || In My Opinion,0ODe481uUR8,SwathiAnil TechVlogs,2023-07-30T06:30:00Z,8931,230,vivo Y36
242,vivo V27 Pro Unboxing & intial impressions ll in Telugu ll,Tr9JgixHP0Q,Prasadtechintelugu,2023-03-01T07:00:08Z,918175,33984,vivo V27 Pro
243,vivo V27 & vivo TWS Air unboxing & initial impressions : A Good Camera Phone @30k,bxicMhJrdVo,Prasadtechintelugu,2023-03-21T07:02:23Z,721390,23495,vivo V27 Pro
244,vivo V30 Series Unboxing & initial impressions || in Telugu || ft vivo v30 & vivo v30 pro,o9nwz2Cmw10,Prasadtechintelugu,2024-03-07T07:22:26Z,430207,21384,vivo V30 Pro 512GB
245,"Tech News 1705 || Google Pixel 8A, Vivo V30 Series, Samsung F15, Nothing Phone 2a Etc",JFRe9ztx0S8,Prasadtechintelugu,2024-02-14T15:48:27Z,148715,13484,vivo V30 Pro 512GB
